{
    "loss": 0.6751555800437927,
    "accuracy": 0.8965517282485962
}