{
    "loss": 1.5573651790618896,
    "accuracy": 0.8448275923728943
}